id,name,date,estimated_cost,contract_value,winner
d123c75359e76da27b948805fae45bf6bc59dbf854129bd4f73ddd0561ab51d4,Akıllı Şehir Platformu Kurulması ve Yazılım Geliştirme Hizmet Alımı İşi,31.12.2024 16:00,2060000.0,1990000.0,INNOSA YAZILIM TEKNOLOJİLERİ ANONİM ŞİRKETİ
6fab79a3dc75161c3fbe01153ccfbd67781b945dfd290224c016fca973fdf6fb,3 Aylık Diş Protez Laboratuvar Hizmet Alımı,31.12.2024 15:30,12152646.19,11122216.67,"GRUP MEDLAB ÇOK AMAÇLI DİŞ PROTEZ LABORATUVARI SAĞLIK MEDİKAL HİZMETLERİ SANAYİ VE TİCARET LİMİTED ŞİRKETİ, CELAL ALTUN İş Ortaklığı"
0fdf0c12700714e988d907107fc62e18e3a866481f9fd5e967b3caa9b38c1ecf,ADIYAMAN MERKEZ İLÇESİ REKABET  KURUMU  ORTAOKULUNUN  MEKANİK  VE  ELEKTRİK İMALATLARI İŞİ,31.12.2024 15:30,11110149.91,10850000.0,MAVİ YAPI MÜTEAHHİTLİK MÜHENDİSLİK İNŞAAT GIDA HAYVANCILIK AKARYAKIT SANAYİ VE TİCARET LİMİTED ŞİRKETİ
f1b693b21f2dacab00e55414c75f44fbff82dca17cd941d95a6234a3ba246d9c,Teleradyoloji Yöntemiyle Radyolojik Bilgisayarlı Tomografi Tetkik Raporlandırma Hizmet Alımı,31.12.2024 15:00,3018000.0,3360000.0,GNR RAD SAĞLIK HİZMETLERİ MEDİKAL TIBBİ GÖRÜNTÜLEME YAZILIM BİLGİ TEKNOLOJİLERİ SANAYİ VE TİCARET LİMİTED ŞİRKETİ
26d9d86a7f4982265a56ed82f13e95f0628bc9a97c40b54f699881a6d3fe81c7,Kırıkkale(Delice)-Çorum(Km:0+000-120+000) Kesimi Yüksek Standartlı Demiryolu Yapım İşi,31.12.2024 15:00,85142058646.87,75249608232.0,"YAPI MERKEZİ İNŞAAT VE SANAYİ ANONİM ŞİRKETİ, YSE YAPI SANAYİ VE TİCARET ANONİM ŞİRKETİ İş Ortaklığı"
d6e5e7a8830a0f0211a7d521592fc80ad6446db4a6e60caa72ef601421e398dd,"1 AY SÜRELİ MALZEMELİ YEMEK PİŞİRME, TAŞIMA, DAĞITIMI VE SONRASI HİZMET ALIMI",31.12.2024 14:00,10799442.11,9862239.7,AVRUPA HAZIR YEMEK LİMİTED ŞİRKETİ
9c536abc7d4ef5210d1e4a68d9bed7fbe277768646491db9813c027805b8fe6c,"İstanbul İli, Fatih İlçesi, Turgut Özal Millet Caddesi, Kızılelma Caddesi, Etyemez Tekkesi Sokak Ve Kennedy Caddeleri Arasında Kalan Bölgede Yol, Kaldırım Tamiratı Ve Yenileme İnşaatı İşi",31.12.2024 12:00,48278461.76,34839161.0,BKV ASFALT İNŞAAT TAAHHÜT BİLİŞİM TAŞIMACILIK TEMİZLİK VE YEMEK ÜRETİMİ HİZMETLERİ SANAYİ VE TİCARET LİMİTED ŞİRKETİ
4f9de770029f515408ace373eb9bbeb9aa745e96b5bcd9f250f01e8fc2f9de6e,"2025 YILI MEVCUT YAZILIMLARA BAKIM, DESTEK VE GÜNCELLEME HİZMETİ İLE  YAZILIM GELİŞTİRME ARAÇLARI LİSANS ALIMI İŞİ",31.12.2024 11:30,12206666.67,10671900.0,İŞ YAZILIM DONANIM ELEKTRONİK DANIŞMANLIK TELEKOMÜNİKASYON KIRTASİYE TURİZM MEDİKAL İNŞAAT İTHALAT İHRACAT SANAYİ VE TİCARET LİMİTED ŞİRKETİ
499308f79e0deccb16a43ecc1d64d715dd93dd774a8736efdfe3eea7e3230b11,TRELLIX SIEM LİSANS YENİLEME BAKIM DESTEK VE SİBER GÜVENLİK OPERASYON MERKEZİ,31.12.2024 10:30,2407769.67,1890000.0,BARİKAT İNTERNET GÜVENLİĞİ BİLİŞİM TİCARET ANONİM ŞİRKETİ
2a3ee6c6e3ad6a284487acb80b755204d478371682197b1fcc1a7fdd84c8aa81,Adana İl Milli Eğitim Müdürlüğüne Bağlı Kozan İlçesi Öğretmenevi İkmal İnşaat Yapım İşi,31.12.2024 10:30,,,
324919363ff2beeaa7db6c16beddf4ee7c14c32e032b4e7a7fee646b5abac800,1 KISIM 3 KALEM SBYS HİZMETİ ALIMI ( 36 AYLIK ),31.12.2024 10:30,20682773.06,19492558.92,TRTEK TEKNOLOJİK ÜRÜNLER BİLGİSAYAR YAZILIM DONANIM SANAYİ VE TİCARET LİMİTED ŞİRKETİ
5deb1d2d2251d79664abb3621e2dbaecbb14b44b09ddbe898eeb380cd5b4479d,Malatya Bölge Adliye Mahkemesi Yapım İşi,31.12.2024 10:30,516381357.43,431000000.0,"URUL ALT YAPI İNŞAAT ELEKTRİK PETROL ÜRÜNLERİ GIDA OTOMOTİV SANAYİ TİCARET ANONİM ŞİRKETİ, ARKELA YAPI MİMARLIK MÜHENDİSLİK ELEKTRİK ENERJİ İNŞAAT İMALAT SANAYİ VE TİCARET ANONİM ŞİRKETİ İş Ortaklığı"
4401e4298fe2859fd0363d9bd3a682168f0953400967dfc160457dd4d3b65872,"BELEDİYE BİLGİ YÖNETİM SİSTEMİ SERVİS HİZMETLERİ KURULMASI, YAZILIM GELİŞTİRME, LİSANS, VERİLERİN AKTARILMASI VE 1 (BİR) YIL TEKNİK DESTEK",31.12.2024 10:00,,,
a7706f65f28afdf077231502fb526fc8447e937ccb04e43b66d31cde3cfebfb5,"Samsun Bölge Adliye Mahkemesi, Bölge İdare Mahkemesi, İdare ve Vergi Mahkemeleri Hizmet Binası Yapım İş",31.12.2024 10:00,1339568453.9,1123000000.0,AKSU İNŞAAT A.Ş.
a10131e18af3ed67a510ddb9e355e8759a3d620fdeb7e794d2c11c16faa0dcd0,24 AYLIK DİŞ PROTEZ HİZMETİ ALIMI,31.12.2024 10:00,,,
81e379f5621909352dc019e3f38c56a1550b5c879e347c646077e32a1bf6f71e,2025 YILI MUHTELİF LİSANS GÜNCELLEMELERİ VE GARANTİ DESTEK PAKETLERİ ALIMI İŞİ,31.12.2024 10:00,,,
38465ff56f94c51dba29a0c81dd3a2c7db2f57cd986375e21def36c419ef35e2,2 Aylık Ulusal Yenidoğan Tarama Programı Laboratuvar Hizmeti Alımı,30.12.2024 16:00,35959530.85,29574867.44,BOME TRIVITRON SANAYİ ÜRÜNLERİ DIŞ TİCARET ANONİM ŞİRKETİ
1388ebac7e451a381e323a9f66536eb230f2211dc96843a59ed5ef7363c62c78,"muhtelif işlerde çalışacak 55 adet personel 6 adet aşçı,1 adet aşçı(pastacı),1 adet halkla ilişkiler personeli,1 adet satın alma personeli,1 adet garson şefi personel alım işi",30.12.2024 16:00,32857725.05,32245219.5,ÖZKAYNAK SOSYAL HİZMETLER BİLGİSAYAR SAĞLIK TEMİZLİK HİZMETLERİ YEMEK İNŞAAT TAŞIMACILIK TURİZM SANAYİ VE TİCARET LİMİTED ŞİRKETİ
bd54e017668f02d2a1a3a52dcbd42c6b32e0da7d6c0eb91242bfdf61b6bb1f9c,2 Aylık Araç Kiralama Hizmet Alımı,30.12.2024 15:30,3901355.15,3324520.0,YAĞMURLU TAR.İNŞ.NAK.GIDA PET.ÜR.İTH.İHR.SAN.VE TİC.LTD.ŞTİ.
924f2e75d080141cc60684dd33608749cd8d76844526fab4878c22f56db11ec7,Hatay İli 38'inci Paket 150 Adet Hafif Çelik Konut (P251) Yapım İşi,30.12.2024 14:30,456879090.1,379000000.0,ERMİT MÜHENDİSLİK İNŞAAT SANAYİ VE TİCARET ANONİM ŞİRKETİ
f1b90189134b41d2460fedbbfa305e75165187078c3a061d2b4950119f35637d,SUNUCU VE AĞA BAĞLI DEPOLAMA CİHAZI(NAS) DONANIM,30.12.2024 14:30,1280750.0,1179000.0,PROCOM İNOVASYON VE BİLİŞİM TEKNOLOJİLERİ SANAYİ TİCARET ANONİM ŞİRKETİ
1885f2bea922d02e4df88d223feee5f1f35d20bf7ae2a1c147311b5233fcf10a,PERSONEL ÇALIŞTIRILMASINA DAYALI (3 PERSONEL) HİZMET ALIMI,30.12.2024 12:30,2022943.67,1999195.04,İÇCAN BİLİŞİM BİLGİ.SAYAR İNŞ.TİC.VESAN.LTD.ŞTİ.
5ab8d3e8532cd92a742418d99cea1ebfe3c654edee30c268da3af9ac3bbb1ab3,"2025 YILI SİSTEM, AĞ, GÜVENLİK BAKIM VE DESTEK HİZMETİ İLE LİSANS ALIMI VE YENİLEME İŞİ",30.12.2024 11:30,18850126.67,14800048.0,İSTTELKOM İSTANBUL ELEKTRONİK HABERLEŞME VE ALTYAPI HİZMETLERİ SANAYİ VE TİCARET ANONİM ŞİRKETİ
e108d4eeaa21c8f0673e7dae05306bf86d7894bd83151fa5c01384d7d8d2d053,Mobil Uygulama Dönüşüm Hizmeti Alım İşi,30.12.2024 11:00,,,
9d69f71a513d7e2eba3e90b035c8dc043f25c165de88b728e043dbf604c3c3c3,24 AYLIK KASET KARŞILIĞI DİJİTAL PATOLOJİ HİZMET ALIMI,30.12.2024 11:00,73750000.0,56250000.0,MİRAY BİOTECH SAĞLIK ANONİM ŞİRKETİ
dfe682d9feaa12910f88c842ec7c40099137c7cc33eeca09dc911687fecfc734,Merkezi İçerik Yönetim Sistemi ve Kurumsal Web Sitesi Yazılımı Geliştirme Hizmeti Temini,30.12.2024 11:00,20887500.0,13900000.0,ETİQA BİLİŞİM HİZMETLERİ ANONİM ŞİRKETİ
6113ee4cb618c0ec1f410658c0c41be001f3d8e88e2480fbe9dd7d0581618338,Hatay Erzin Adalet Binası Yapım İşi,30.12.2024 10:30,190468721.91,143400400.0,YEĞEN İNŞ.TAAH.NAK.TOP.MAH.GID.SAN.LTD.ŞTİ.
0513e27960d15ee83b243f93dd30243337cf1a55862f27ee5e94a9e54d687366,Veri Tabanları İçin Veri Koruma Odaklı Bakım ve Destek Hizmeti,30.12.2024 10:30,,,
bdbd677b238a1e798d15d36d7e36fdcee49267b753440c88c96cfaca987cfbdb,"Beyoğlu Belediyesi AYT-TYT Hazırlık ve Lgs Hazırlık Kursları, Kütüphane, Kreş ve Anaokulu ile Kültür Sanat ve Meslek Eğitimi (BESMEK) Eğitim Hizmeti Alımı",30.12.2024 10:30,,,
64269705cd6cb1663243f9791b0e91184d02af65eb473363093b24a4453574db,2024 Yılı Giyim Mal Alımı,30.12.2024 10:30,2078098.0,1574210.0,ÖZLEM ORMANCILIK İNŞAAT SANAYİ VE TİCARET LİMİTED ŞİRKETİ
58d750c65834e380f23532e1d476c089ebb26282fa5fe06236093f5b4d34a0d2,İTÜ Elektrik Sistem Ekipmanları Periyodik Bakım ve Onarım(2024) işi,30.12.2024 10:30,2484180.0,1994350.0,MEYSA TEKNİK TAAHHÜT MÜHENDİSLİK PROJE İNŞAAT EĞİTİM VE ÖĞRETİM HİZMETLERİ LİMİTED ŞİRKETİ
57a2090e27bc13c8bb7e649b9177d28fd6b0347aa841418d8113d114e897a394,Z KOLLU DİJİTAL RÖNTGEN CİHAZI,30.12.2024 10:00,,,
24a6ab17320fbc841b51fbedac6fb3982c5627e904f7b64ec138a7bda6a93d47,Osmaniye Düziçi Adalet Binası Yapım İşi,30.12.2024 10:00,188958842.25,144444444.44,"DOĞUBEY ALTYAPI İNŞAAT ELEKTRİK SANAYİ TİCARET LİMİTED ŞİRKETİ, ARKELA YAPI MİMARLIK MÜHENDİSLİK ELEKTRİK ENERJİ İNŞAAT İMALAT SANAYİ VE TİCARET ANONİM ŞİRKETİ İş Ortaklığı"
02aeddf6276bf52584fec067cfa2241b2a0c422290b117ea11b3bbc96cc29f51,İdrarda Uyuşturcu Madde Arama ve Doğrulama Testleri Hizmeti,30.12.2024 10:00,,,
262657057f81d479cc3f62da1109bae815db2fa6d808a1ce3a34f946d992dad3,Bakım Takip ve TEKBİS Sistemi Ek Geliştirme ile Hukuk Avans Sistemi Yazılım Geliştirmesi,30.12.2024 10:00,35520000.0,16200000.0,ETİQA BİLİŞİM HİZMETLERİ ANONİM ŞİRKETİ
aa2f6bb702d2ccd4d8b52cb06b8ba68184ba12d3791f02dd2668b64854ded446,Kılavuzlu Sulaması 4 Kısım Malzeme Alımı (CTP) 3,30.12.2024 10:00,795729458.49,364396995.02,ESEN PLASTİK SANAYİ VE TİCARET ANONİM ŞİRKETİ
e461a18abad78b29d85576db17c796b68e8dce61f3b70cf57bc73035a7f82c37,Kırşehir Hastane Deresi Sel Kapanı,30.12.2024 10:00,152380990.26,104349349.49,LİDYA GRUP MÜHENDİSLİK ANONİM ŞİRKETİ
c8418421b1498eeb94c8c744e375dee031e398bf9b23597e0a2b3c2f107fd338,"İçme Suyu, Su Kayıpları ve Şebeke Yönetimi Scada Sistemi İşletme Teknik Destek Hizmet Alımı",30.12.2024 10:00,18834791.67,17978250.0,IDS SİSTEM YAPI SANAYİ VE TİCARET ANONİM ŞİRKETİ
9a43e45868012b12f5d0aae0791a9c7b5d63bc9b4d8285b71692fd465000e99a,Bingöl-Merkez Yeşilköy Mikrohavzası Proje Yapımı,30.12.2024 10:00,4321016.67,4296000.0,G F PROJE MÜHENDİSLİK MÜŞAVİRLİK BİLİŞİM YAZILIM DONANIM TİCARET LİMİTED ŞİRKETİ
0c2997d51e4e75d03d15ddc9d976bd6d203d4d6db1dc1693e0778ff6b5fcd40f,"Bingöl 100 Yataklı Öğretmenevi Yapım İşine Esas Mimari, Statik, Mekanik, Elektrik, Zemin Etüdü, Plankote ve İhale esas Dosyanın Hazırlanması Proje Hizmet Alım İşi  ( Taban Alanı 830 M2 B+Z+4 Kat Toplam İnşaat Alanı 5020 M2+ Konferans Salonu 400 M2)",30.12.2024 10:00,1740000.0,990000.0,AS GRUP MİMARLIK MÜHENDİSLİK RESTORASYON İNŞAAT TURİZM VE TİCARET LİMİTED ŞİRKETİ
85d6958ad885f06ee3d79d2dc00f3f23c310e012a23204b49e9da1a5e13f78e9,5 KALEM TEMSA OTOBÜS YEDEK PARÇA TEMİNİ,27.12.2024 17:30,993000.0,24000.0,KAYILAR GRUP BİLİŞİM VE OTOMOTİV ANONİM ŞİRKETİ
098a8355955856c2fa358473d37b927e90edb11ef9578cb053a755486a0ed919,2 AY SÜRELİ ARAÇ KİRALAMA HİZMET ALIMI,27.12.2024 16:30,4011435.0,3703456.8,UMUT TUR SERVİS HİZ.TAŞ.GIDA OTO.TRZSAN.VE TİC.LTD.Ş
8189197fde5b1f82c27cb824db170bcb97b5bc9d3c014d1b21cba7c9f9dcdd9c,3 AYLIK RAPORLAMA DAHİL GÖRÜNTÜLEME HİZMET ALIMI,27.12.2024 16:00,16683457.98,11469849.12,SY RADYOLOJİ SAĞLIK HİZMETLERİ VE İNŞAAT LİMİTED ŞİRKETİ
7e64ea3aa6a0bd088b89270a280b219292149f0d100d4fb6de78deda0dceffcb,24 AYLIK DİGİTAL PATOLOJİ DOKU TAKİP VE OTOMATİK BLOKLAMA HİZMET ALIMI,27.12.2024 15:00,64521390.24,65541390.24,MİRAY BİO MEDİKAL ÜRÜNLER TİCARET LİMİTED ŞİRKETİ
b8d1f93090c9169d051081c323cd541e5afa10ec554e032d0e4c60473ed0bf04,PLASTİK REKONSTRÜKTİF VE ESTETİK CERRAHİ AD SARF MALZEMELERİ,27.12.2024 15:00,3034808.59,393660.0,SERPİL KULAKSIZ
275e1d060be7d4feb8d54253c84d8cf480fa77170437e2e9bdd43c590d90a354,SUNUCU VE VERİ DEPOLAMA KONTROL ÜNİTESİ DESTEK PAKETİ YENİLENMESİ HİZMETİ,27.12.2024 15:00,3841449.5,2774625.0,BİLGİTÜRK BİLGİSAYAR TEKNOLOJİLERİ SANAYİ VE TİCARET ANONİM ŞİRKETİ
1511dcbbb3dde176f0d125274b142e8e4dc097b661bd2486307355b4f711b385,2025 Yılı Vmware Yazılımları Lisans Yenileme Alımı,27.12.2024 14:30,5900466.67,4048000.0,İNTRON BİLİŞİM YAZILIM TANITIM VE TASARIM HİZMETLERİ SANAYİ TİCARET ANONİM ŞİRKETİ
dff0904a2a59c5d93be7832ae3ec9c843600c57c3fdb39735996b8b4ac92eade,2025-2027 Yılları Ardahan İl Sağlık Müdürlüğüne Bağlı Halk Sağlığı ve TSM Aile Hekimlikleri Merkezi Laboratuvar Bilgi Sistemi (LBYS) Hizmet Alımı İhalesi,27.12.2024 14:30,1571351.4,1350000.0,SİSOFT SAĞLIK BİLGİ SİSTEMLERİ ANONİM ŞİRKETİ
539f634f812388d7e6989d9ca59a5a3a1a34db27fe5065e20730a20386860fa9,Çıktı Başı Baskı Hizmet Alımı,27.12.2024 14:30,1652560.0,1190000.0,MASTEK TEKNOLOJİ BİLİŞİM BİLGİSAYAR SANAYİ VE TİCARET LİMİTED ŞİRKETİ
cb4d7a923ae404f51765cde7511dcd6f980bcb897e3d5b7a4330f9a2a56ccdf8,"Isparta Emniyet Müdürlüğü ve Eğirdir İlçe Emniyet Müdürlüğü Kent Güvenlik Yönetim Sistemi Genişleme, Modernizasyon projesi montajlı mal alımı işi",27.12.2024 14:30,2073523.33,1412450.0,GLOBAL FORTE BİLİŞİM TEKNOLOJİLERİ VE DANIŞMANLIK ANONİM ŞİRKETİ
b9d0e049be4cb550b5fffb17e3b61243a05ef56dd5c75ccfcbe58a2d88ab5a61,"MÜDÜRLÜĞÜMÜZE BAĞLI HARAKANİ DEVLET HASTANESİNDE KULLANILMAK ÜZERE 6 YATAK KAPASİTELİ 2 SEVİYE ÇOCUK YOĞUN BAKIM TADİLAT VE YOĞUN BAKIM, AMELİYATHANE ZEMİNİ PVC BAKIM ONARIM ALIM İŞİ",27.12.2024 14:00,,,
7c3bebfef0505ffe321034d824ea745480cfa174a7f9bd489584292f077d0ef5,Türkoğlu İlçesi  Yedi Güzel Adam Anadolu İmam Hatip Lisesi  Güçlendirme ve Genel Onarım İşi,27.12.2024 14:00,70937496.06,53472000.0,KA-YAPI İNŞAAT ELEKTRİK VE ELEKTRONİK NAK.PET.ÜR.GID
dfdf0b235fa79db910ed28a483a5199c7f1316e19ec411314f5a70dd050d2b35,Halkevi Gençlik Merkezi Tasarım Kulübü Bilişim Malzemeleri,27.12.2024 14:00,2026885.0,2019800.0,EMRULLAH YOLASIĞMAZ
5606902d40361e36a83341a10fc18c811aa8c5a6137eeb9d829928e62dcf8437,MUHTELİF,27.12.2024 14:00,1744913.86,1744913.86,KORSİS BİLİŞİM SİSTEMLERİ DANIŞMANLIK SANAYİ VE TİCARET LİMİTED ŞİRKETİ
1e6b12796e620d95b6165f4bad3b8b2b717174db154e7f7d98d24cf772328903,BALIKESİR BAŞMÜDÜRLÜĞÜ VE BAĞLI İŞYERLERİNİN 2024 YILI YÜKLEME BOŞALTMA İŞLERİNİN YÜRÜTÜLMESİ,27.12.2024 14:00,10500000.0,10500000.0,GOLDİLOCKS TARIM TURİZM BİLİŞİM ENERJİ LOJİSTİK SANAYİ VE TİCARET LİMİTED ŞİRKETİ
25ac5bacbd9f13e60c8e657dc66306da4b472d1797479460ba2a94ebe762eab7,Spor Alanları,27.12.2024 14:00,5126466.03,4255000.0,"TF KOÇTAŞ MADENCİLİK İNŞAAT ELEKTRİK OTOMOTİV TAŞIMACILIK GIDA SANAYİ VE TİCARET LİMİTED ŞİRKETİ, MN DEMİR SET YAPI İNŞAAT TAAHHÜT TİCARET VE SANAYİ LİMİTED ŞİRKETİ İş Ortaklığı"
551b51f67ecb0467369af22b75e60015eaa1dbfdb1e6db0e1790738f6f235b18,GSM Hatları Hizmet Alımı,27.12.2024 14:00,8941200.0,5838096.0,VODAFONE TELEKOMÜNİKASYON A.Ş
327f30ccd8b5ac4368043e2537904052d577548bc7712a39aa084dfc409b3d9b,İKLİME HAZIR İZMİR: DİRENÇLİLİK STRATEJİLERİNİN GELİŞTİRİLMESİ PROJESİ HİZMETİ,27.12.2024 14:00,4166666.67,3980000.0,GTE KARBON SÜRDÜRÜLEBİLİR ENERJİ EĞİTİM DANIŞMANLIK VE TİCARET ANONİM ŞİRKETİ
e8248f55523f79ec8bde4fead992dd62130047d1346ef2b0f7cbf9496adbbdca,"2025 YILI KÜLTÜR, SANAT VE MESLEK EĞİTİMİ KURSLARI HİZMET ALIMI",27.12.2024 14:00,48875833.33,47975000.0,ULUTEPE DANIŞMANLIK İNSAN KAYNAKLARI EĞİTİM HİZMETLERİ SANAYİ LİMİTED ŞİRKETİ
ff894f0aea684c063e6398c93d1fd7acf4019aecf488a36fa4d5d3d54510cb29,2 KALEM LAZER ABLASYON PROBU ALIMI,27.12.2024 14:00,3043939.16,2712500.0,KULVAR MEDİKAL SAĞLIK HİZMETLERİ BİLİŞİM TURİZM MADENCİLİK OTOMOTİV ENERJİ İNŞAAT SANAYİ VE TİCARET LİMİTED ŞİRKETİ
4d7cf8acee3abe64420cec0519dc723f2dfab95c1bf63e8b0d47b1bbac097ef7,MUHTELİF,27.12.2024 12:00,1105800.0,1105800.0,SHK BİLİŞİM TEKNOLOJİLERİ LİMİTED ŞİRKETİ
76661bd6a139c84090a4d189801ff42cd888d19d71e79b7cdd364bc33946efc8,CAM MALZEMELERİ,27.12.2024 11:30,12038656.7,109670.0,TECHLABS MEDİKAL VEKİMYA TİC.LTD.ŞTİ.
f0f80f8148970c4c20f8112064e5b9d3ba94d48cdd6db585e19ba0bcba673102,Veri Merkezi Bulut Hizmeti Alımı İşi,27.12.2024 10:00,46379301.87,39407028.0,ICT BULUT BİLİŞİM ANONİM ŞİRKETİ
1a0495197906445da475bb93efc4ed9ef7d53eca2fb3bb03ac398628d5b3a036,AKARYAKIT SATIN ALINMASI,27.12.2024 10:00,,,
e961d51e4a630db87ca71f26c539d124c28b07a2cf6b93f18ab9b3c4bb461dd9,Nem Alma Santrali Bakım Onarım İşi,26.12.2024 16:00,1303130.0,1230000.0,KORTEK BİLİŞİM TEKNOLOJİLERİ VE GÜVENLİK SİSTEMLERİ İNŞAAT TAAHHÜT LİMİTED ŞİRKETİ
c817a0af59b1103572a1fe96f9907bd6395eac80e884ec1402a70bc54b6990b8,"MALZEMELİ DAHİL YEMEK PİŞİRME, DAĞITIM VE SONRASI HİZMETLERİ ALIMI",26.12.2024 15:30,8761785.18,706399.6,BULUT RESTORAN GIDA TURİZM OTELCİLİK VE İMALAT İNŞAAT SANAYİ TİCARET LİMİTED ŞİRKETİ
c71c1bb6c5eca3dabf66e76032fca7ec4a1be919210d877d806c84b14c72276b,"Araç Takip Cihazı, Sürücü Takip Birimi ve Filo Yönetimi Sistemi Satın Alınması",26.12.2024 15:00,1977700.0,1475000.0,OREED BİLİŞİM TEKNOLOJİLERİ İNŞAAT OTOMOTİV PAZARLAMA SANAYİ VE TİCARET LİMİTED ŞİRKETİ
2e397453aab934730a1a61de1f6f419ee7218217d822f9fcf37405dc7ca1886b,Ücretli Geçişli Birimlerdeki Ücretlerin Elektronik Kart ve Bilet Sistemi İle Toplanması Hizmetleri,26.12.2024 14:30,4307300.0,3631250.0,GAZİULAŞ GAZİANTEP ULAŞIM VE BİLİŞİM HİZMETLERİ ANONİM ŞİRKETİ
1777f23b3a3de3828a159ac3449c0c9c66e773a658c54ce8cfb8436957e92d33,2025 YILI HASTA TAŞIMA HİZMETİ ALIMI,26.12.2024 14:00,2222002.2,1782000.0,UMUT KUŞTEPE
9256298171de92cc06e186fc07348ba1c21c5685b926b969f1fa62d9f9ddfca9,"Kocaeli İli Sınırları Emniyet-Kbb F/O Hatların Ölçümü, Raporlanması, Hat Topolojisinin Çıkarılması ve Hatların Yedeklenmesi Yapımı",26.12.2024 14:00,8097500.0,7840250.0,HİRA FİBER TEKNOLOJİLERİ ELEKTRİK ELEKTRONİK TEKSTİL İNŞAAT TAAHHÜT SANAYİ TİCARET LİMİTED ŞİRKETİ
817a40b67fe2425e319c486a6dfb4236926e763ea20fb2ad2481ba9955a4bb3b,"Isı Takip Sistemi, Sesli Çağrı Sistemi ve Sıra Takip Sistemi, Kartlı Geçiş Sistemi, Medikal Dikte Sistemi Yazılımı ve Personel Devam Kontrol Sistemi Hizmet Alım İhalesi",26.12.2024 11:30,2060662.43,192000.0,DATAPROM BİLİŞİM TEKNOLOJİLERİ LİMİTED ŞİRKETİ
5bc6db3489ef93131a43641cb5a22e35ec1d1f2fab7c5950f6976771710a2667,BERGAMA NECLA MİTHAT ÖZTÜRE DEVLET HASTANESİ 2025 MALİ YILI 33 KALEM MEKANİK CİHAZ VE TIBBİ CİHAZ PERİYODİK BAKIM VE ONARIM HİZMETİ ALIMI,26.12.2024 11:00,2775740.89,128000.0,VOLKAN ARLI
675697df7ef523469fcef4b71f8dd158220b77761bb0313e11e1e0ee786838f9,Sistem Bileşenleri Bakım Onarımı,26.12.2024 11:00,51869420.25,9970000.0,NEX TEKNOLOJİ ANONİM ŞİRKETİ
5cc1af5ebf6c3056eb7557c440c0983e3c63f3e1c2c92a80574252be4caf07e0,DİJİTAL DÖNÜŞÜM UYGULAMALARI KURULMASI HİZMET ALIMI,26.12.2024 11:00,,,
58328dc9277fd9c9569a7028d4ee3959b70125745b1a5030d174f15e209c03ec,2025 MALİ YILI İÇİN 2 KISIM 58 KALEM TEMİZLİK ÜRÜNLERİ VE 25 KALEM KIRTASİYE MALZEMESİ ALIMI,26.12.2024 10:30,1572042.47,119780.0,DAVUT TECE
4eb20427657393e76efd46a6fa3fd9e7ed301b514471f8b0d4b5d9531f5dcfbf,"Çevre Koruma Hafriyat Kontrol Merkezinin Hizmete Hazır Halde Tutulmasına Yönelik Makine, Ekipman, Malzeme Temini ile Merkezin İşletilmesi ve Bakım Onarımı Hizmeti Alımı İşi",26.12.2024 10:30,189464146.25,170026195.0,İSBAK İSTANBUL BİLİŞİM VE AKILLI KENT TEKNOLOJİLERİ ANONİM ŞİRKETİ
1331c247d9ee1f2e3a4e4506412347ccfa17a5036a1b39fdc37db9429cb83c37,TOPDAĞI SOSYAL GİRİŞİMCİLİK MERKEZİ PROJESİ MAL ALIM İŞİ,26.12.2024 10:30,0.0,,ERYIL SÜT VE HAYVANCILIK EKİPMANLARI TARIM MAKİNALARI GIDA İNŞAAT VE İNŞAAT MALZEMELERİ ENDÜSTRİYEL ÜRÜNLER ÜRETİM PAZARLAMA İTHALAT İHRACAT SANAYİ TİCARET LİMİTED ŞİRKETİ
9e7830703b36843df669ac24c7592b63052e0cb25a3e6d692fb29659bf3d52ce,110 Kalem Kırtasiye Malzemesi alımı,26.12.2024 10:00,10126074.04,1000267.25,ARMY BASKI TEKNOLOJİLERİ SANAYİ VE TİCARET LİMİTED ŞİRKETİ
09d2aecc7476cee3aea34b335c93ec71c9224b41f3c8b539bbdda4cd25ee4f88,"SAP Lisans Yükseltme, Yıllık Bakım ve Geçiş Destek Hizmeti Alımı İşi",26.12.2024 10:00,98508052.82,63995000.0,ARETE BİLGİSAYAR OTOMASYON DANIŞMANLIK VE EĞİTİM HİZMETLERİ SANAYİ TİCARET LİMİTED ŞİRKETİ
3e757f35361235b5ea95ed54e76f247d31be2fcfda125c2d93fb5e5cbf199f8f,02Bölge 21 Şube Bina Tesisleri Onarımı,26.12.2024 10:00,,,
a3d37a8bb6e0d816cf31f8e866c04895822f46b6d7b257c97767f8f091425d19,Mehmetçik Ortaokulu Ek Bina Yapım İşi,26.12.2024 10:00,70815912.26,51850000.0,TACİRLER HAYVANCILIK İNŞAAT SANAYİ VE TİCARET LİMİTED ŞİRKETİ
37e91a51bb6fcf6dd1a771fe2eb02632a2921b5f9eec019b10858f382568794b,Sandbox Sistemi,26.12.2024 10:00,4209500.0,3925000.0,PERFORMA BİLGİ TEKNOLOJİLERİ DANIŞMANLIK EĞİTİM SANAYİ VE TİCARET ANONİM ŞİRKETİ
aeaba663c7bad277d8589b157fe78273c8ded38113e876b3b495a3a8921e9392,GÜMÜŞHACIKÖY ARTIKABAT ASM VE ASHİ YAPIM İŞİ,26.12.2024 10:00,,,
161ff3b1ed6e57a1da437004b67f52955a0e1adefa6099535f67e1257226cb17,"Aşçıbaşı, Aşçıbaşı Yardımcısı, Aşçı, Şef Garson, Garson, Bakım Onarım Personeli ve Temizlik Personeli",26.12.2024 10:00,20651935.55,19403816.37,MHS GRUP DIŞ TİCARET ANONİM ŞİRKETİ
bad39da3f53f3e51ea40d33e5580ae8384463c8cc7724de3c6e19a0033e41d15,İstanbul Esenyurt Necmi Kadıoğlu Devlet Hastanesi (250 Yatak) Çevre Düzenlemesi ve İlave İşler Yapım İşi,25.12.2024 17:00,142951970.78,130000000.0,NAMSA İNŞAAT SANAYİ VE TİCARET LİMİTED ŞİRKETİ
247ffc1c5cb4fe01513cbb250839c23472b845deadfabda6fb11b5133d216beb,"Taşıt (Binek Otomobil, Panel, Arazi Binek 4x4, Pick-Up 4x4) Kiralanması",25.12.2024 16:30,168054404.48,161461000.0,"AKA AYDOĞANLAR OTOMOTİV SANAYİ VE TİCARET LİMİTED ŞİRKETİ, BGR FİLO TEKNOLOJİ BİLİŞİM REKLAM DANIŞMANLIK İNŞAAT TİCARET ANONİM ŞİRKETİ İş Ortaklığı"
ada3224d749eedccb70fda3d31ffc6170308f204d846a78170627ee5b03e0899,2025 Yılı Yangın Algılama Sistemleri Bakım Onarım Hizmet Alımı,25.12.2024 16:30,1794320.0,1629000.0,PROİNT BİLİŞİM VE SAĞLIK HİZMETLERİ LİMİTED ŞİRKETİ
2c855e5281b28f7544a75dc7be5a7899fa5143625eb0a847cdab106f2f8d0144,"2025 Yılı 3 Aylık Network, Donanım, Sistem, Destek, Yönetim ve Danışmanlık Hizmet Alımı",25.12.2024 15:30,4274632.02,3442161.0,PANATES BİLGİ TEKNOLOJİLERİ ANONİM ŞİRKETİ
d1b8067d6ce91e4ff62fc298990342e138499cfabec33868074bc7dd25aa9362,Malatya Yeşilyurt Adliye Lojmanları Yapım İşi,25.12.2024 15:30,459555928.14,387000000.0,"YHM YAPI İNŞAAT TAAHHÜT GIDA TEKSTİL TARIM HAYVANCILIK PETROL YEMEK TEMİZLİK TAŞIMACILIK SANAYİ VE TİCARET ANONİM ŞİRKETİ, AYDIN İNŞAAT İNŞAAT MALZEMELERİ ELEKTRİK ÜRETİM NAKLİYE İTHALAT İHRACAT SANAYİ VE TİCARET LİMİTED ŞİRKETİ İş Ortaklığı"
88fe4a9d32d6f028d51d4a6a1692948474b5f3b536421d852cf634bd62a2bd0e,Malatya Battalgazi Adliye Lojmanları Yapım İşi,25.12.2024 15:30,143164477.17,128990000.0,"İLCİ İNŞAAT SANAYİ VE TİCARET ANONİM ŞİRKETİ, ÖZ BAYTOK PETROL İNŞAAT GIDA OTOMOTİV TARIM İTHALAT VE İHRACAT SANAYİ TİCARET LİMİTED ŞİRKETİ İş Ortaklığı"
3efacf93dcd976f8e1d57fac68eacba84f05792ce6d50509cd81ad4c73f9542f,2025 Yılı Elektronik Haberleşme Altyapısı Bakım Ve Onarımı Yapılması,25.12.2024 15:00,,,
b41ac3132b3328971149fc705eb98271bfee3fd4ceb13be8921d4eea71687075,WEB VE INTRANET SİTESİ YAZILIMLARI İLE ESHOT MOBİL UYGULAMALARI GELİŞTİRME HİZMETİ,25.12.2024 14:30,,,
d4dc7341a20e948491c12e32e420b83b3feeb2913669cf8ceeb2f993617eb075,Kaman İlçe Emniyet Müdürlüğü Yeni Hizmet Binası Yapım İşi,25.12.2024 14:30,48102415.8,38749000.0,"SAYIM ALAN, KASIR GRUP İNŞAAT SANAYİ VE TİCARET LİMİTED ŞİRKETİ İş Ortaklığı"
fa29a35b19760f9bab8be05c98741ead07b064b38747c708132bc6e3b6fd0708,GÜLHANE EĞİTİM VE ARAŞTIRMA HASTANESİ  36 AY SÜRE İLE (MR) GÖRÜNTÜLEME HİZMET ALIMI,25.12.2024 14:30,103231791.34,96837033.96,BAYTUNA SAĞLIK EĞİTİM ALTIN İNŞAAT DANIŞMANLIK HİZMETLERİ SANAYİ VE TİCARET LİMİTED ŞİRKETİ
ce3b8c39ff625010ad033ccd24dcc18bbe325be360e469ae7c20c2f63b67dd59,BAYRAKLI DOĞANÇAY SULAMA GÖLETİ BALÇIK TEMİZLİĞİ YAPIM İŞİ,25.12.2024 14:30,4419115.68,4440000.0,ŞAHİNLER MÜHENDİSLİK İNŞAAT MADENCİLİK SANAYİ VE TİCARET LİMİTED ŞİRKETİ
1bc07102f8d7d13c8a7d34cdf1d28ed87cf18991f5c10854a1c82b4da4433b9b,Akaryakıt Alım İşi,25.12.2024 14:30,1491550.0,1413895.0,YANIKLAR GİYİM PETROL ÜRÜNLERİ TEKEL MADDELERİ DAYANIKLI TÜKETİM MADDELERİ AV MALZEMELERİ MOTORLU ARAÇLAR SANAYİ VE TİCARET LİMİTED ŞİRKETİ
cdd132b036795b19d0099d6bd17c3b4e0650ef8319722b20ea5424296273c7ec,Ardahan Üniversitesi Yenisey Konukevi Bakım Onarım Yapım İşi,25.12.2024 14:00,3747474.38,3399444.0,SİNAN YAĞIZ CENGİZ
e6f26293a2a1fcffdee03e72915090ecedadeaf16eed464fdf94cd602b718f2c,muhtelif,25.12.2024 14:00,529424.1,529424.1,NEXT GRUP BİLİŞİM MEDİKAL İNŞAAT SANAYİ VE TİCARET ANONİM ŞİRKETİ
6ae1e3f3e51733a07380c85f3c35b381b65cdc7a9f80a8af1ee5b59f8aa0714e,MUHTELİF,25.12.2024 14:00,471574.5,471574.5,MT PRİNT TEKNOLOJİ BİLİŞİM MEDİKAL İNŞAAT SANAYİ VE TİCARET LİMİTED ŞİRKETİ
7ee42924efe817144baf7fc49830db82dc5d12b2eb122739cde3b0e60e5bb556,HALK SAĞLIĞI SONUÇ-PUAN KARŞILIĞI LABORATUVAR HİZMET ALIMI,25.12.2024 12:30,4906733.4,4743175.62,BİZİM SAĞLIK ÜRÜNLERİ İNŞAAT TEMİZLİK OFSET MATBAACILIK İTHALAT İHRACAT DIŞ TİCARET LİMİTED ŞİRKETİ
